Sort 	Niv 	École 	Incantation 	Concentration 	Rituel 	Description
49-3	9	sénat	1 jour	Concentration	Rituel	Elisabeth borne ♡
Agrandissement/Rapetissement	2	transmutation	1 action	Concentration		Double ou réduit de moitié la taille d'une créature (JdS de Con) ou d'un objet.
Aide	2	abjuration	1 action			Jusqu'à 3 créatures augmentent leurs pv actuels et pv max de 5 (+5 pv/niv).
Alarme	1	abjuration	1 minute		Rituel	Alerte le lanceur ou active une alarme si une créature de taille TP ou supérieure pénètre dans un cube surveillé de 6 m.
Allié planaire	6	invocation	10 minutes			Invoque un céleste, un élémentaire ou un fiélon qui aidera le lanceur contre paiement (1000 po/h, sacrifice, quête, etc).
Amélioration de caractéristique	2	transmutation	1 action	Concentration		La cible gagne l'avantage aux jets d'une caractéristique prédéfinie, plus d'éventuels autres bonus (+1 créature/niv).
Amis	0	enchantement	1 action	Concentration		Le lanceur obtient l'avantage aux jets de Charisme contre une créature choisie qui ne lui est pas hostile.
Amitié avec les animaux	1	enchantement	1 action			Une bête d'Intelligence 3 ou moins doit réussir un JdS de Sag. ou être charmée (+1 bête/niv).
Animation d'objets	5	transmutation	1 action	Concentration		Anime jusqu'à 10 objets non magiques et contrôle leurs actions jusqu'à 150 m (+2 objets/niv).
Animation des morts	3	nécromancie	1 minute			Crée un squelette à partir d'os ou un zombi à partir d'un cadavre, qui est sous le contrôle du lanceur (+2 créatures/niv).
Antidétection	3	abjuration	1 action			Protège une créature ou un objet de toute divination ou détection magique.
Apaisement des émotions	2	enchantement	1 action	Concentration		Les créatures dans un rayon de 6 m doivent réussir un JdS de Cha. ou ne plus être charmées/effrayées, ou être indifférentes.
Apparence trompeuse	5	illusion	1 action			Change l'apparence physique et vestimentaire de cibles (JdS si non consentante).
Appel de destrier	2	invocation	10 minutes			Invoque un esprit sous la forme d'un destrier (cheval, élan, etc) lié par télépathie au lanceur.
Appel de familier	1	invocation	1 heure		Rituel	Invoque un petit animal qui obéit au lanceur du sort et qui partage ses sens avec lui par télépathie.
Appel de la foudre	3	invocation	1 action	Concentration		Les créatures dans un rayon de 1,50 m doivent réussir un JdS de Dex. ou subir 3d10 dégâts de foudre (dégâts/niv) à chaque tour.
Arme élémentaire	3	transmutation	1 action	Concentration		Une arme devient magique avec +1 aux jets d'attaque et +1d4 de dégâts extra d'un type à choisir (bonus et dégâts/niv).
Arme magique	2	transmutation	1 action bonus	Concentration		Transforme une arme en arme magique +1 à l'attaque et aux dégâts (bonus de +2 ou +3/niv).
Arme spirituelle	2	évocation	1 action bonus			Si l'attaque avec un sort touche, inflige 1d8+Mod.Carac dégâts de force (dégâts/niv). Une action bonus permet une autre attaque.
Armure d'Agathys	1	abjuration	1 action			Le lanceur gagne 5pv temporaires et une créature qui le touche au corps à corps subit 5 dégâts de froid à (+5 pv et dégâts/niv).
Armure de mage	1	abjuration	1 action			La cible, si elle est consentante et ne porte pas d'armure, obtient une CA de 13+Mod.Dex.
Arrêt du temps	9	transmutation	1 action			Arrête le temps durant 1d4+1 tours pour tout le monde sauf pour le lanceur.
Aspersion d'acide	0	invocation	1 action			1 ou 2 créatures dans un rayon de 1,50 m doivent réussir un JdS de Dex. ou subir 1d6 dégâts d'acide (dégâts/niv).
Assassin imaginaire	4	illusion	1 action	Concentration		La cible doit réussir un JdS de Sag. ou être effrayée puis subir 4d10 dégâts psychiques (dégâts/niv) à chacun de ses tours.
Assistance	0	divination	1 action	Concentration		La cible peut ajouter 1d4 à un jet de caractéristique de son choix.
Augure	2	divination	1 minute		Rituel	Le lanceur obtient un présage concernant le résultat d'une action dans les 30 prochaines min (fortune, péril, les deux ou rien).
Aura de pureté	4	abjuration	1 action	Concentration		Les créatures dans un rayon de 9 m ne peuvent tomber malade, ont la résistance au poison et l'avantage à certains JdS.
Aura de vie	4	abjuration	1 action	Concentration		Les créatures dans un rayon de 9 m ont la résistance aux dégâts nécrotiques et regagnent automatiquement 1 pv une fois à 0 pv.
Aura de vitalité	3	évocation	1 action	Concentration		La cible dans un rayon de 9 m récupère 2d6 pv.
Aura du croisé	3	évocation	1 action	Concentration		Les créatures non hostiles dans un rayon de 9 m infligent 1d4 dégâts radiants extra lorsqu'ils touchent avec une arme.
Aura magique de Nystul	2	illusion	1 action			Révèle de fausses informations au sujet d'une créature ou d'un objet qui serait la cible d'un sort de divination.
Aura sacrée	8	abjuration	1 action	Concentration		Les cibles dans un rayon de 9 m ont l'avantage aux JdS. Les autres créatures ont un désavantage à l'attaque contre ces cibles.
Aversion/Attirance	8	enchantement	1 heure			Attire ou répulse (JdS de Sag. pour ne pas être attiré ou effrayé) une sorte de créature désignée dans un rayon de 18 m.
Bagou	8	transmutation	1 action			Donne 15 à un jet de Charisme et masque les mensonges lors d'une détection magique.
Baies nourricières	1	transmutation	1 action			Crée jusqu'à 10 baies qui redonnent 1 pv chacune et gardent leur pouvoir durant 24 heures.
Bannissement	4	abjuration	1 action	Concentration		La cible doit réussir un JdS de Cha. ou être envoyée sur un demi-plan non-dangereux (+1 créature/niv).
Barrière de lames	6	évocation	1 action	Concentration		Crée un mur de 30 x 6 x 1,50 m qui confère un abri important (3/4) et peut infliger 6d10 dégâts tranchants si on le traverse.
Bénédiction	1	enchantement	1 action	Concentration		Jusqu'à 3 cibles peuvent ajouter 1d4 à leur jet d'attaque ou de sauvegarde (+1 créature/niv).
Blessure	1	nécromancie	1 action			Si l'attaque touche, inflige subit 3d10 dégâts nécrotiques (dégâts/niv).
Bouche magique	2	illusion	1 minute		Rituel	Crée une bouche magique qui répétera un message de 25 mots max lorsqu'une condition de déclenchement est remplie.
Bouclier	1	abjuration	1 réaction			En réaction, la lanceur gagne un bonus de +5 à la CA et ne prend aucun dégât du sort projectile magique.
Bouclier de feu	4	évocation	1 action			Le lanceur obtient la résistance aux dégâts de froid ou de feu, et fait subir 2d8 dégâts aux attaquants à 1,50 m qui touchent.
Bouclier de la foi	1	abjuration	1 action bonus	Concentration		La cible obtient un bonus de +2 de CA.
Bouffée de poison	0	invocation	1 action			La cible doit réussir un JdS de Con. ou subir 1d12 dégâts de poison (dégâts/niv).
Boule de feu	3	évocation	1 action			Les créatures dans un rayon de 6 m doivent réussir un JdS de Dex. ou subir 8d6 dégâts de feu (dégâts/niv).
Boule de feu à retardement	7	évocation	1 action	Concentration		Les créatures dans une shpère de 6 m de rayon doivent réussir un JdS de Dex. ou subir 12d6 dégâts de feu (dégâts/niv).
Bourrasque	2	évocation	1 action	Concentration		Les créatures sur une ligne de 18 x 3 m doivent réussir un JdS de For. ou être repoussées de 4,50 m.
Brume mortelle	5	invocation	1 action	Concentration		Les créatures dans une sphère de 6 m de rayon doivent réussir un JdS de Con. ou subir 5d8 dégâts de poison (dégâts/niv).
Cage de force	7	évocation	1 action			Crée une cage de 6 m ou une boite de 3 m de force magique qui emprisonne une créature. Évasion possible par magie uniquement.
Carquois magique	5	transmutation	1 action bonus	Concentration		Fait qu'un carquois produise constamment des munitions non magiques, permettant 2 attaques par round en action bonus.
Cécité/Surdité	2	nécromancie	1 action			La cible doit réussir un JdS de Con. ou devenir aveuglée ou assourdie (+1 créature/niv).
Cercle de mort	6	nécromancie	1 action			Les créatures dans une sphère de 18 m de rayon doivent réussir un JdS de Con. ou subir 8d6 dégâts nécrotiques (dégâts/niv).
Cercle de pouvoir	5	abjuration	1 action	Concentration		Les créatures amicales dans un rayon de 9 m ont l'avantage aux JdS contre les sorts et autres effets magiques.
Cercle de téléportation	5	invocation	1 minute			Crée un cercle permettant à quiconque d’être téléporté vers un autre cercle de téléportation connu du lanceur.
Cercle magique	3	abjuration	1 minute			Crée un cylindre de 6 x 6 m qui protège des célestes, élémentaires, fées, fiélons et/ou morts-vivants (+1 h/niv).
Chaîne d'éclairs	6	évocation	1 action			Jusqu'à 4 cibles différentes doivent réussir un JdS de Dex. ou subir 10d8 dégâts de foudre (+1 cible/niv).
Champ antimagie	8	abjuration	1 action	Concentration		Crée une sphère de 3 m de rayon dans laquelle les sorts et les objets magiques ne fonctionnent plus.
Changement de forme	9	transmutation	1 action	Concentration		Le lanceur prend la forme d'une créature qu'il a déjà vue d'un FP égal ou inférieur à son niveau.
Changement de plan	7	invocation	1 action			Le lanceur et jusqu'à 8 créatures sont transportés dans un autre plan d'existence, ou une créature est bannie (JdS de Cha).
Charme-personne	1	enchantement	1 action			La cible humanoïde doit réussir un JdS de Sag. ou être charmée par le lanceur (+1 créature/niv).
Châtiment aveuglant	3	évocation	1 action bonus	Concentration		Si l'attaque touche, inflige 3d8 dégâts radiants extra et la cible doit réussir un JdS de Con. ou être aveuglée.
Châtiment calcinant	1	évocation	1 action bonus	Concentration		Si l'attaque touche, inflige 1d6 dégâts de feu extra et enflamme la cible (dégâts/niv).
Châtiment courroucé	1	évocation	1 action bonus	Concentration		Si l'attaque touche, inflige 1d6 dégâts psychiques extra et la cible doit réussir un JdS de Sag. ou être effrayée.
Châtiment débilitant	4	évocation	1 action bonus	Concentration		Si l'attaque touche, inflige 4d6 dégâts psychiques extra et la cible doit réussir un JdS de Sag. ou avoir un désavantage.
Châtiment du ban	5	abjuration	1 action bonus	Concentration		Si l'attaque avec une arme touche, inflige 5d10 dégâts de force extra. Une cible réduite à 50 pv ou moins est bannie.
Châtiment révélateur	2	évocation	1 action bonus	Concentration		Si l'attaque avec une arme touche, inflige 2d6 dégâts radiants extra et la cible émet une lumière faible sur 1,50m (dégâts/niv).
Châtiment tonitruant	1	évocation	1 action bonus	Concentration		Si l'attaque touche, inflige 2d6 dégâts de tonnerre extra, et la cible doit réussir un JdS de For. ou tomber à terre.
Chien de garde de Mordenkainen	4	invocation	1 action			Invoque un chien de garde invisible qui aboie à l'approche de créatures et les attaque (4d8 dégâts perforants).
Clairvoyance	3	divination	10 minutes	Concentration		Crée un détecteur invisible dans un lieu familier à 1,5 km ou moins, permettant de voir ou d'entendre (au choix, modifiable).
Clignotement	3	transmutation	1 action			Le lanceur a 50% de chance de passer dans le plan éthéré, puis il revient dans l'espace qu'il occupait au tour suivant.
Clone	8	nécromancie	1 heure			Crée en 120 jours le double inerte d'une créature vivante. Si la créature originale meurt, son âme est transférée dans le clone.
Coffre secret de Léomund	4	invocation	1 action			Cache un coffre (90 x 60 x 60 cm) et son contenu dans le plan éthéré.
Colonne de flamme	5	évocation	1 action			Les créatures dans un cylindre de 6 x 12 m doivent réussir un JdS de Dex. ou subir 4d6 de feu et 4d6 radiants (dégâts/niv).
Communication à distance	3	évocation	1 action			Envoie un message de 25 mots à une créature familière, quelle que soit la distance ou le plan. Elle peut y répondre.
Communication avec les animaux	1	divination	1 action		Rituel	Le lanceur communique avec des bêtes qui peuvent ainsi partager des informations ou aider.
Communication avec les morts	3	nécromancie	1 action			Permet à un cadavre qui possède encore une bouche et n'est pas un mort-vivant de répondre à 5 questions du lanceur.
Communication avec les plantes	3	transmutation	1 action			Le lanceur peut communiquer avec des plantes à 9 m, et transforme un terrain difficile en un terrain ordinaire ou l'inverse.
Communion	5	divination	1 minute		Rituel	Permet d'obtenir d'une entité divine les réponses (oui ou non) à 3 questions.
Communion avec la nature	5	divination	1 minute		Rituel	Le lanceur obtient 3 informations sur le territoire alentour. Ne fonctionne pas dans les donjons ou les villes.
Compréhension des langues	1	divination	1 action		Rituel	Le lanceur comprend toutes les langues parlées ou écrites (1 min/page). Ne décode pas les messages secrets.
Compulsion	4	enchantement	1 action	Concentration		Les cibles à 9 m doivent réussir un JdS de Sag. ou se déplacer dans une direction indiquée.
Cône de froid	5	évocation	1 action			Les créatures dans un cône de 18 m doivent réussir un JdS de Con. ou subir 8d8 dégâts de froid (dégâts/niv).
Confusion	4	enchantement	1 action	Concentration		Les créatures dans un rayon de 3 m doivent réussir un JdS de Sag. ou ne plus pouvoir agir normalement (+1,50 m de rayon/niv).
Contact avec un autre plan	5	divination	1 minute		Rituel	Contacte une entité extérieure afin de lui poser 5 questions si un JdS d'Int. est réussi. Sinon, 6d6 dégâts psychiques.
Contact glacial	0	nécromancie	1 action			Si l'attaque avec un sort touche, inflige 1d8 dégâts nécrotiques (dégâts/niv) et la cible ne peut récupérer ses pv de suite.
Contagion	5	nécromancie	1 action			Si l'attaque avec un sort touche, la cible est infectée d'une maladie à choisir parmi les 6 proposées.
Contamination	6	nécromancie	1 action			La cible doit réussir un JdS de Con. ou subir 14d6 dégâts nécrotiques. Le sort ne peut pas la tuer toutefois.
Contrat	5	abjuration	1 heure			La cible (céleste, élémentaire, fée ou fiélon) doit réussir un JdS de Cha. ou servir le lanceur (durée/niv).
Contresort	3	abjuration	1 réaction			En réaction, fait échouer un sort de niveau 3 ou inférieur. Jet de Carac.Inc pour un sort de niveau 4 ou supérieur (seuil/niv).
Contrôle de l'eau	4	transmutation	1 action	Concentration		Contrôle l'eau dans un cube de 30 m (provoquer une crue, scinder l'eau, diriger le courant, créer un tourbillon).
Contrôle du climat	8	transmutation	10 minutes	Concentration		Modifie progressivement les conditions climatiques en extérieur (précipitation, température et force du vent).
Convocations instantanées de Drawmij	6	invocation	1 minute		Rituel	Marque un objet de 5 kg max et permet par la suite de le téléporter dans la main du lanceur, où qu'il soit, s'il n'est pas tenu.
Coquille antivie	5	abjuration	1 action	Concentration		Empêche les créatures autres que morts-vivants et créatures artificielles de pénétrer dans un rayon de 3 m.
Corde enchantée	2	transmutation	1 action			Fait se dresser verticalement une corde qui donne dans un espace extradimensionnel qui peut contenir 8 créatures de taille M.
Cordon de flèches	2	transmutation	1 action			4 munitions infligent 1d6 dégâts perforants si la cible rate un JdS de Dex. (nbre de munitions/niv).
Couleurs dansantes	1	illusion	1 action			6d10 pv de créatures sont éblouies par ordre croissant de leurs pv actuels (+2d10 pv/niv).
Coup au but	0	divination	1 action	Concentration		Le lanceur obtient l'avantage à son prochain jet d'attaque contre une cible.
Couronne du dément	2	enchantement	1 action	Concentration		La cible doit réussir un JdS de Sag. ou être charmée. Elle peut alors attaquer une cible désignée par le lanceur.
Création	5	illusion	1 minute			Crée un objet non vivant fait de matières végétales ou minérales et pas plus grand qu'un cube de 1,50 m (+1,50 m/niv).
Création de mort-vivant	6	nécromancie	1 minute			Jusqu'à 3 cadavres humanoïdes M ou P deviennent une goule qui obéit au lanceur durant 24 h (nbre et type de créatures/niv).
Création de nourriture et d'eau	3	invocation	1 action			Crée 22,5 kilos de nourriture et 120 litres d'eau, suffisant pour 15 personnes durant 24 heures.
Création ou destruction d'eau	1	transmutation	1 action			Crée ou détruit jusqu'à 40 litres d'eau (+40 litres/niv).
Croissance d'épines	2	transmutation	1 action	Concentration		Les créatures dans un rayon de 6 m (terrain difficile) subissent 2d4 dégâts perforants pour chaque 1,50 m de déplacement.
Croissance végétale	3	transmutation	1 action ou 8 heures			Les plantes dans la zone croissent avec vigueur, ou sur une année les plantes produisent deux fois plus de nourriture.
Danse irrésistible d'Otto	6	enchantement	1 action	Concentration		La cible doit réussir un JdS de Sag. ou danser (désavantage aux JdS de Dex. et à l'attaque).
Déblocage	2	transmutation	1 action			Déverrouille ou débloque 1 objet (porte, coffre, cadenas, menottes, etc) ou supprime le sort verrou magique pour 10 minutes.
Décharge occulte	0	évocation	1 action			Si l'attaque avec un sort touche, inflige 1d10 dégâts de force (nbre de rayons/niv).
Dédale	8	invocation	1 action	Concentration		Bannit une créature dans un demi-plan labyrinthique. Jet d'Intelligence pour s'évader avant la fin du sort.
Déguisement	1	illusion	1 action			Modifie l'apparence du lanceur (son physique et son équipement) grâce à une illusion.
Délivrance des malédictions	3	abjuration	1 action			Met fin à toutes les malédictions affligeant une créature ou un objet.
Demi-plan	8	invocation	1 action			Crée une porte qui conduit à un demi-plan (cube de 9 m). Les créatures encore dans le demi-plan à la fin du sort sont piégées.
Désintégration	6	transmutation	1 action			La cible doit réussir un JdS de Dex. ou subir 10d6+40 dégâts de force (dégâts/niv). Un objet de taille G est désintégré.
Détection de la magie	1	divination	1 action	Concentration	Rituel	Le lanceur détecte toutes émanations magiques dans un rayon de 9 m et en détermine l'école.
Détection des pensées	2	divination	1 action	Concentration		Le lanceur détecte les pensées superficielles d'une créature à 9 m, et les plus approfondies si la cible rate un JdS de Sag.
Détection du mal et du bien	1	divination	1 action	Concentration		Le lanceur détecte et localise aberration, céleste, élémentaire, fée, fiélon ou mort-vivant dans un rayon de 9 m.
Détection du poison et des maladies	1	divination	1 action	Concentration	Rituel	Le lanceur détecte et identifie poisons, créatures venimeuses et maladies à 9 mètres.
Discours captivant	2	enchantement	1 action			Les cibles doivent réussir un JdS de Sag. ou avoir un désavantage aux jets de Sagesse (Perception) contre d'autres créatures.
Disque flottant de Tenser	1	invocation	1 action		Rituel	Crée un plateau flottant de 90 cm de diamètre qui peut supporter jusqu'à 250 kg et suit le lanceur.
Dissimulation	7	transmutation	1 action			Protège une créature consentante (qui devient invisible et inconsciente) ou un objet contre les sorts de divination.
Dissipation de la magie	3	abjuration	1 action			Met fin aux sorts de niveau 3 ou inférieur sur une cible. Jet de Carac.Inc pour les sorts de niveau 4 ou supérieur (seuil/niv).
Dissipation du mal et du bien	5	abjuration	1 action	Concentration		Met fin à un état (charmé, effrayé ou possédé) ou renvoie une créature sur son plan d'origine (JdS de Cha).
Divination	4	divination	1 action		Rituel	Le lanceur obtient une réponse fiable à 1 question au sujet d'un évènement à venir dans les 7 prochains jours.
Doigt de mort	7	nécromancie	1 action			La cible doit réussir un JdS de Con. ou subir 7d8+30 dégâts nécrotiques. Si elle meurt elle devient un zombi contrôlé.
Domination de bête	4	enchantement	1 action	Concentration		Une bête à 18 m doit réussir un JdS de Sag. ou être charmé et obéir au lanceur (durée/niv).
Domination de monstre	8	enchantement	1 action	Concentration		La cible doit réussir un JdS de Sag. ou être charmée et obéir au lanceur (durée/niv).
Domination de personne	5	enchantement	1 action	Concentration		Un humanoïde doit réussir un JdS de Sag. ou être charmé et obéir au lanceur (durée/niv).
Don des langues	3	divination	1 action			La cible comprend et parle toutes les langues parlées qu'elle entend.
Double illusoire	5	illusion	1 action	Concentration		Le lanceur devient invisible et crée un double qui se déplace, agit et parle. Le lanceur peut voir et entendre via ce double.
Druidisme	0	transmutation	1 action			Permet d'obtenir divers effets mineurs en rapport avec la nature (prévision météo, floraison, effet sensoriel, etc).
Duel forcé	1	enchantement	1 action bonus	Concentration		La cible doit réussir un JdS de Sag. ou avoir un désavantage à ses jets d'attaque contre d'autres créatures que le lanceur.
Éclair	3	évocation	1 action			Les créatures sur une ligne de 30 x 1,50 m doivent réussir un JdS de Dex. ou subir 8d6 dégâts de foudre (dégâts/niv).
Éclair traçant	1	évocation	1 action			Si l'attaque avec un sort touche, inflige 4d6 dégâts radiants (dégâts/niv) et le prochain jet d'attaque aura l'avantage.
Éclat du soleil	8	évocation	1 action			Les créatures dans un rayon de 18 m doivent réussir un JdS de Con. ou subir 12d6 dégâts radiants et être aveuglées 1 min.
Emprisonnement	9	abjuration	1 minute			La cible à 9 m doit réussir un JdS de Sag. ou être retenue prisonnière. La forme est à choisir parmi 6 options.
Enchevêtrement	1	invocation	1 action	Concentration		Les créatures dans un carré de 6 m (terrain difficile) doivent réussir un JdS de For. ou être entravées.
Ennemi subconscient	9	illusion	1 action	Concentration		Les créatures dans un rayon de 9 m doivent réussir un JdS de Sag. ou être effrayées et subir 4d10 psychiques à leur tour.
Épée de Mordenkainen	7	évocation	1 action	Concentration		Si l'attaque avec un sort touche, inflige 3d10 dégâts de force. L'épée peut se déplacer.
Esprit faible	8	enchantement	1 action			La cible subit 4d6 dégâts psychiques et doit réussir un JdS d'Int. ou son Charisme et son Intelligence tombent à 1.
Esprit impénétrable	8	abjuration	1 action			La cible est immunisée contre les dégâts psychiques, la lecture des pensées, les sorts de divination et l'état charmé.
Esprits gardiens	3	invocation	1 action	Concentration		Les cibles dans un rayon de 4,50 m doivent réussir un JdS de Sag. ou subir 3d8 dégâts radiants ou nécrotiques (dégâts/niv).
Éveil	5	transmutation	8 heures			Donne à une bête ou à une plante (Intelligence 3 max) la capacité de parler et des sens humains durant 30 jours.
Fabrication	4	transmutation	10 minutes			Convertit des matériaux bruts en objets simples de taille G ou inférieure de la même matière.
Façonnage de la pierre	4	transmutation	1 action			Donne à un bloc de pierre de 1,50 m de côté n'importe quelle forme, ou y crée une ouverture.
Faveur divine	1	évocation	1 action bonus	Concentration		Si une attaque avec une arme touche, inflige 1d4 dégâts radiants extra.
Festin des héros	6	invocation	10 minutes			Produit un festin pour 12 convives qui guérit des maladies, immunise au poison et augmente les pv de 2d10 durant 24h.
Feuille morte	1	transmutation	1 réaction			Jusqu'à 5 créatures tombent à une vitesse de 18 mètres par round et ne subissent pas de dégâts de chute si le sort est actif.
Flamme éternelle	2	évocation	1 action			Crée une flamme qui produit une lumière équivalente à celle d'une torche, mais qui ne dégage aucune chaleur.
Flamme sacrée	0	évocation	1 action			La cible doit réussir un JdS de Dex. ou subir 1d8 dégâts radiant (dégâts/niv).
Flammes	0	invocation	1 action			Si l'attaque avec un sort touche, inflige 1d8 dégâts de feu (dégâts/niv). Émet une lumière vive sur 3 m et faible sur 3 m extra.
Fléau	1	enchantement	1 action	Concentration		Jusqu'à 3 cibles doivent réussir un JdS de Cha. ou soustraire 1d4 à l'attaque ou à la sauvegarde (+1 créature/niv).
Fléau d'insectes	5	invocation	1 action	Concentration		Les créatures dans une sphère de 6 m de rayon doivent réussir un JdS de Con. ou subir 4d10 dégâts perforants (dégâts/niv).
Flèche acide de Melf	2	évocation	1 action			Si l'attaque avec un sort touche, inflige 4d4 dégâts d'acide, puis 2d4 dégâts d'acide au round suivant (dégâts/niv).
Flèche de foudre	3	transmutation	1 action bonus	Concentration		Si l'attaque touche, inflige 4d8 de foudre. Les créatures à 3 m ou moins doivent réussir un JdS de Dex. ou subir 2d8 de foudre.
Flétrissement	4	nécromancie	1 action			La cible doit réussir un JdS de Con. ou subir 8d8 dégâts nécrotiques (dégâts/niv).
Flou	2	illusion	1 action	Concentration		Le corps du lanceur devient flou et les créatures qui l'attaquent ont un désavantage au jet d'attaque contre lui.
Force fantasmagorique	2	illusion	1 action	Concentration		La cible doit réussir un JdS d'Int. ou percevoir comme réel un objet ou une créature crée par le lanceur (avec son).
Forme éthérée	7	transmutation	1 action			Le lanceur est projetté dans le plan éthéré (nbre de créatures/niv).
Forme gazeuse	3	transmutation	1 action	Concentration		La cible se transforme en nuage, obtient une vitesse de vol de 3 m et peut passer par de petits trous.
Formes animales	8	transmutation	1 action	Concentration		Les cibles consentantes à 9 m se transforment en bêtes de FP 4 ou inférieur.
Fou rire de Tasha	1	enchantement	1 action	Concentration		La cible doit réussir un JdS de Sag. ou être prise d'une intense crise de fou rire, tomber à terre et être incapable d'agir.
Fouet épineux	0	transmutation	1 action			Si l'attaque touche, inflige 1d6 dégâts perforant et tire la cible (taille G max) sur 3 m (dégâts/niv).
Foulée brumeuse	2	invocation	1 action bonus			Le lanceur est téléporté jusqu'à 9 mètres.
Fracassement	2	évocation	1 action			Les créatures dans une sphère de 3 m de rayon doivent réussir un JdS de Con. ou subir 3d8 dégâts de tonnerre (dégâts/niv).
Frappe piégeuse	1	invocation	1 action bonus	Concentration		La cible doit réussir un JdS de For. ou être entravée et subir 1d6 dégâts perforants (dégâts/niv).
Fusion dans la pierre	3	transmutation	1 action		Rituel	Le lanceur peut pénétrer dans la pierre.
Gardien de la foi	4	invocation	1 action			Les créatures hostiles dans un rayon de 3 m autour du gardien créé doivent réussir un JdS de Dex. ou subir 20 dégâts radiants.
Globe d'invulnérabilité	6	abjuration	1 action	Concentration		Bloque les sorts de niveau 5 ou inférieur dans un rayon de 3 m (seuil/niv).
Glyphe de protection	3	abjuration	1 heure			Un glyphe sur un objet inflige 5d8 dégâts dans un rayon de 4,50 m (dégâts/niv) ou lance un sort niv 3 (niv/niv) si déclenché.
Gourdin magique	0	transmutation	1 action bonus			Rend magique une arme en bois. Ses dégâts sont des d8 et le lanceur peut utiliser sa carac d'incantation au lieu de la Force.
Graisse	1	invocation	1 action			Les créatures dans un carré de 3 m (terrain difficile) doivent réussir un JdS de Dex. pour ne pas tomber.
Grande foulée	1	transmutation	1 action			La cible obtient une vitesse augmentée de 3 m (+1 créature/niv).
Grêle d'épines	1	invocation	1 action bonus	Concentration		Les créatures dans un rayon de 1,50 m doivent réussir un JdS de Dex. ou subir 1d10 dégâts perforants (dégâts/niv).
Guérison	6	évocation	1 action			1 créature récupère 70 pv et est guérie des maladies, de l'aveuglement et de la surdité (+10 pv/niv).
Guérison de groupe	9	évocation	1 action			Plusieurs créatures récupèrent un total de 700 pv et sont guéries des maladies, de l'aveuglement et de la surdité.
Hâte	3	transmutation	1 action	Concentration		La cible voit sa vitesse doublée. Elle gagne aussi un bonus de +2 à la CA, l'avantage aux JdS de Dex. et 1 action extra.
Héroïsme	1	enchantement	1 action	Concentration		La cible est immunisée contre l'état effrayé et gagne Mod.Carac.Inc pv temporaires/round (+1 créatures/niv).
Identification	1	divination	1 minute		Rituel	Le lanceur obtient les propriétés d'un objet magique (lien, charges) ou est informé si un sort affecte un objet ou une créature.
Illusion mineure	0	illusion	1 action			Crée l'illusion d'un son ou d'une image immobile pas plus grande qu'un cube de 1,50 m.
Illusion programmée	6	illusion	1 action			Crée l'image d'un objet ou d'une créature animée, avec sons, durant 5 min, suite à un déclencheur.
Image majeure	3	illusion	1 action	Concentration		Crée l'image d'un objet ou d'une créature animée, avec sons et odeurs (sans concentration/niv).
Image miroir	2	illusion	1 action			Crée 3 duplicatas illusoires du lanceur qui possèdent chacun une CA de 10+Mod.Dex et sont détruits s'ils sont touchés.
Image silencieuse	1	illusion	1 action	Concentration		Crée l'image d'un objet ou d'une créature (sans son et de la taille d'un cube de 4,50 m max) et permet de la faire bouger.
Immobilisation de monstre	5	enchantement	1 action	Concentration		La cible doit réussir un JdS de Sag. ou être paralysée (+1 créature/niv).
Immobilisation de personne	2	enchantement	1 action	Concentration		La cible doit réussir un JdS de Sag. ou être paralysée (+1 créature/niv).
Injonction	1	enchantement	1 action			La cible doit réussir un JdS de Sag. ou suivre votre ordre comme Approche, Lâche, Fuis, Tombe, Halte, etc (+1 créature/niv).
Insecte géant	4	transmutation	1 action	Concentration		Transforme des insectes (de 10 mille-pattes à 1 scorpion) en créatures géantes qui obéissent aux ordres du lanceur.
Interdiction	6	abjuration	10 minutes		Rituel	Empêche de se téléporter dans la zone protégée et inflige 5d10 dégâts radiants ou nécrotiques à certains types de créatures.
Inversion de la gravité	7	transmutation	1 action	Concentration		Inverse la gravité dans un cylindre de 30 x 30 m.
Invisibilité	2	illusion	1 action	Concentration		La cible devient invisible 1 heure ou jusqu'à ce qu'elle attaque ou lance un sort (+1 créature/niv).
Invisibilité supérieure	4	illusion	1 action	Concentration		La cible devient invisible durant 1 minute.
Invocation d'animaux	3	invocation	1 action	Concentration		Invoque de 1 bête FP 2 à 8 bêtes FP 1/4 amicales (nbre de créatures/niv).
Invocation d'élémentaire	5	invocation	1 minute	Concentration		Invoque 1 élémentaire FP 5 amical (FP +1/niv).
Invocation d'élémentaires mineurs	4	invocation	1 minute	Concentration		Invoque de 1 élémentaire FP 2 à 8 élémentaires FP 1/4 amicaux (nbre de créatures/niv).
Invocation d'êtres sylvestres	4	invocation	1 action	Concentration		Invoque de 1 fée FP 2 à 8 fées FP 1/4 amicales (nbre de créatures/niv).
Invocation de céleste	7	invocation	1 minute	Concentration		Invoque 1 céleste FP 4 amical (FP +1/niv).
Invocation de fée	6	invocation	1 minute	Concentration		Invoque 1 fée FP 6 amicale (FP +1/niv).
Invocation de projectiles	3	invocation	1 action			Les créatures dans un cône de 18 m doivent réussir un JdS de Dex. ou subir 3d8 dégâts de l'arme/la munition utilisée.
Invocation de volée	5	invocation	1 action			Les créatures dans un cylindre de 12 x 6 m doivent réussir un JdS de Dex. ou subir 8d8 dégâts de l'arme/la munition choisie.
Lame de feu	2	évocation	1 action bonus	Concentration		Si l'attaque avec un sort touche, inflige 3d6 dégâts de feu (dégâts/niv). Émet une lumière vive sur 3 m et faible sur 3 m extra.
Lenteur	3	transmutation	1 action	Concentration		Jusqu'à 6 cibles doivent réussir un JdS de Sag. ou avoir leur vitesse et leurs actions réduites, -2 en CA et aux JdS de Dex.
Lévitation	2	transmutation	1 action	Concentration		1 créature ou objet de moins de 250 kg s'élève verticalement jusqu'à 6 m et reste en lévitation.
Liane avide	4	invocation	1 action bonus	Concentration		La cible doit réussir un JdS de Dex. ou être tirée sur 6 m par la liane.
Liberté de mouvement	4	abjuration	1 action			La cible n'est pas affectée dans ses mouvements par un terrain difficile, un sort ou de l'eau.
Lien de protection	2	abjuration	1 action			La cible gagne +1 à la CA, +1 aux JdS et la résistance à tous les dégâts, mais le lanceur partage ses dégâts.
Lien télépathique de Rary	5	divination	1 action		Rituel	Crée un lien télépathique entre un maximum de 8 personnes dans un rayon de 9 m pendant 1 heure.
Localisation d'animaux ou de plantes	2	divination	1 action		Rituel	Donne la direction et la distance à laquelle se trouve un type de bête ou de plante dans un rayon de 7,5 km.
Localisation d'objet	2	divination	1 action	Concentration		Le lanceur sent la direction dans laquelle se trouve un objet familier, dans un rayon de 300 m.
Localisation de créature	4	divination	1 action	Concentration		Le lanceur ressent la direction dans laquelle se trouve une créature familière dans un rayon de 300 m.
Lueur d'espoir	3	abjuration	1 action	Concentration		Les cibles gagnent l'avantage aux JdS de Sag. et aux JdS contre la mort, et récupèrent le maximum de pv lors d'une guérison.
Lueurs féeriques	1	évocation	1 action	Concentration		Les créatures dans un cube de 6 m doivent réussir un JdS de Dex. ou octroyer l'avantage contre elles à l'attaque.
Lumière	0	évocation	1 action			Fait qu'un objet émette une lumière vive sur 6 m et une lumière faible sur 6 m supplémentaires.
Lumière du jour	3	évocation	1 action			Crée une sphère qui emet une lumière vive sur 18 m et une lumière faible sur 18 m supplémentaires.
Lumières dansantes	0	évocation	1 action	Concentration		Crée jusqu'à 4 lumières de la taille d'une torche qui émettent une lumière faible sur 3 m et qu'on peut déplacer jusqu'à 18 m.
Main de Bigby	5	évocation	1 action	Concentration		Crée une main de taille G et de Force 26 qui peut frapper (4d8 dégâts de force), pousser, agripper ou protéger (dégâts/niv).
Main de mage	0	invocation	1 action			Crée une main spectrale qui peut dans un rayon de 9 m manipuler un objet, ouvrir une porte, saisir un objet, etc.
Mains brûlantes	1	évocation	1 action			Les créatures dans un cône de 4,50 m doivent réussir un JdS de Dex. ou subir 3d6 dégâts de feu (dégâts/niv).
Malédiction	3	nécromancie	1 action	Concentration		La cible doit réussir un JdS de Sag. ou subir un effet comme un désavantage à un jet ou perdre une action (durée/niv).
Maléfice	1	enchantement	1 action bonus	Concentration		Si une attaque touche, inflige 1d6 dégâts nécrotiques extra. Désavantage à un jet de carac choisi (durée/niv).
Manoir somptueux de Mordenkainen	7	invocation	1 minute			Crée un manoir extradimensionnel qui peut abriter le lanceur et d'autres créatures et possède tout le confort.
Marche sur l'eau	3	transmutation	1 action		Rituel	Jusqu'à 10 créatures peuvent se déplacer sur une surface liquide (eau, acide, boue, lave, etc) comme si c'était un sol normal.
Marche sur le vent	6	transmutation	1 minute			Le lanceur et 10 créatures sont transformés en vapeur (vitesse de vol de 90 m et résistance aux dégâts d'armes non magiques).
Marque du chasseur	1	divination	1 action bonus	Concentration		La cible subit 1d6 dégâts extra et le lanceur a l'avantage aux jets de Sagesse (Perception/Survie) pour la trouver (durée/niv).
Mauvais oeil	6	nécromancie	1 action	Concentration		La cible dans un rayon de 18 m doit réussir un JdS de Sag. ou subir un des effets suivants : sommeil, panique ou fièvre.
Message	0	transmutation	1 action			Le lanceur murmure un message à une créature à 36 m qui sera la seule à l'entendre. Elle pourra répondre de la même façon.
Messager animal	2	enchantement	1 action		Rituel	Une bête de taille TP va livrer un message de 25 mots à une cible (+48 h/niv).
Métal brûlant	2	transmutation	1 action	Concentration		Les créatures en contact avec l'objet en métal subissent 2d8 dégâts de feu (dégâts/niv).
Métamorphose	4	transmutation	1 action	Concentration		Transforme une cible en une nouvelle forme de bête de FP/niveau au plus égal au FP/niveau de la cible.
Métamorphose suprême	9	transmutation	1 action	Concentration		Transforme une créature ou un objet en une nouvelle forme (créature <-> objet) de FP/niv au plus égal au FP/niv de la créa
Mirage	7	illusion	10 minutes			Transforme l'apparence (à la vue, à l'ouïe, à l'odorat et au toucher) d'un carré de 1,5 km.
Modification d'apparence	2	transmutation	1 action	Concentration		Donne une nouvelle forme suivant l'option choisie (Adaptation aquatique, Changement d'apparence ou Armes naturelles).
Modification de mémoire	5	enchantement	1 action	Concentration		La cible doit réussir un JdS de Sag. ou être charmée et sa mémoire altérée (ancienneté des souvenirs/niv).
Monture fantôme	3	illusion	1 minute		Rituel	Crée une créature semi-réelle de taille G ressemblant à un cheval et tout le nécessaire pour la monter.
Moquerie cruelle	0	enchantement	1 action			La cible doit réussir un JdS de Sag. ou subir 1d4 dégâts psychiques et avoir un désavantage à sa prochaine attaque (dégâts/niv).
Mort simulée	3	nécromancie	1 action		Rituel	La cible consentante passe pour morte auprès de toute personne ne faisant pas une inspection approfondie.
Mot de guérison	1	évocation	1 action bonus			1 créature récupère 1d4+Mod.Carac pv (+1d4 pv/niv).
Mot de guérison de groupe	3	évocation	1 action bonus			Jusqu'à 6 créatures récupèrent 1d4+Mod.Carac pv (+1d4 pv/niv).
Mot de pouvoir étourdissant	8	enchantement	1 action			La cible (150 pv max) est étourdie jusqu'à ce qu'elle réussisse un JdS de Con.
Mot de pouvoir guérisseur	9	évocation	1 action			La cible récupère tous ses points de vie et ses états charmé, effrayé, paralysé et étourdi prennent fin.
Mot de pouvoir mortel	9	enchantement	1 action			La cible (100 pv max) meurt !
Mot de retour	6	invocation	1 action			Le lanceur et jusqu'à 5 autres créatures sont téléportés dans un sanctuaire préalablement choisi.
Motif hypnotique	3	illusion	1 action	Concentration		Les créatures dans un cube de 9 m doivent réussir un JdS de Sag. ou être charmées et incapables d'agir, avec une vitesse de 0.
Mur d'épines	6	invocation	1 action	Concentration		Crée un mur de broussailles de 18 x 3 x 1,50 m qui ralentit les mouvements et peut infliger 7d8 dégâts tranchants (dégâts/niv).
Mur de feu	4	évocation	1 action	Concentration		Crée un mur de feu de 18 m x 6 m x 30 cm. Les créatures dans ou à 3 m du mur d'un côté subissent 5d8 dégâts de feu (dégâts/niv).
Mur de force	5	évocation	1 action	Concentration		Crée un mur de force infranchissable physiquement (dix panneaux de 3 m) immunisé à tous les types de dégâts.
Mur de glace	6	évocation	1 action	Concentration		Crée un mur de glace (dix panneaux de 3 m) qui peut être détruit et peut infliger 5d6 de froid si on le traverse (dégâts/niv).
Mur de pierre	5	évocation	1 action	Concentration		Crée un mur de pierre non magique de (dix panneaux de 3 m) qui peut être détruit.
Mur de vent	3	évocation	1 action	Concentration		Crée un mur de vent de 15 m x 4,50 m x 30 cm. Flèches et carreaux sont détournés.
Mur prismatique	9	abjuration	1 action			Crée un mur de plusieurs couches qui infligent des effets et dégâts différents suivant la couche.
Murmures dissonants	1	enchantement	1 action			La cible doit réussir un JdS de Sag. ou subir 3d6 dégâts psychiques et s'éloigner (dégâts/niv).
Mythes et légendes	5	divination	10 minutes			Le lanceur obtient des informations sur une personne, un lieu ou un objet sous forme de contes ou d'histoires.
Nappe de brouillard	1	invocation	1 action	Concentration		Rend la visibilité nulle dans une sphère de 6 m de rayon (+6 m/niv).
Nuage incendiaire	8	invocation	1 action	Concentration		Les créatures dans une sphère de 6 m de rayon doivent réussir un JdS de Dex. ou subir 10d8 dégâts de feu.
Nuage nauséabond	3	invocation	1 action	Concentration		Les créatures dans une sphère de 6 m de rayon doivent réussir un JdS de Con. ou être prises de nausée et perdre leur action.
Nuée de dagues	2	invocation	1 action	Concentration		Les créatures dans un cube de 1,50 m subissent automatiquement 4d4 dégâts tranchants (dégâts/niv).
Nuée de météores	9	évocation	1 action			Les créatures dans un rayon de 12 m doivent réussir un JdS de Dex. ou subir 20d6 dégâts de feu et 20d6 dégâts contondants.
Oeil magique	4	divination	1 action	Concentration		Crée un oeil invisible avec vision dans le noir qui envoie au lanceur l'image mentale de ce qu'il voit.
Orbe chromatique	1	évocation	1 action			Si l'attaque avec un sort touche, inflige 3d8 dégâts d'un type préalablement déterminé (dégâts/niv).
Parole divine	7	évocation	1 action bonus			Les cibles doivent réussir un JdS de Cha. ou subir un effet (assourdi, aveuglé, etc). Certaines créatures sont bannies.
Passage par les arbres	5	invocation	1 action	Concentration		La lanceur peut passer d'un arbre à un autre arbre de la même espèce (150 m max entre les deux) en utilisant 1,50 m.
Passage sans trace	2	abjuration	1 action	Concentration		Le lanceur et ses alliés à 9 m ont un bonus de +10 aux jets de Dextérité (Discrétion) et ils ne laissent ni piste ni trace.
Passe-muraille	5	transmutation	1 action			Ouvre un passage de 1,50 x 2,50 x 6 m à travers de la pierre, du bois ou du plâtre.
Pattes d'araignée	2	transmutation	1 action	Concentration		La cible peut se déplacer le long de surfaces verticales tout en laissant ses mains libres et gagne une vitesse d'escalade.
Peau d'écorce	2	transmutation	1 action	Concentration		La cible obtient une CA de 16 minimum.
Peau de pierre	4	abjuration	1 action	Concentration		La cible obtient la résistante aux dégâts non magiques contondants, perforants et tranchants.
Petite hutte de Léomund	3	évocation	1 minute		Rituel	Crée un dôme de 3 m de rayon qui peut abriter et protéger 9 créatures de taille M avec le lanceur.
Pétrification	6	transmutation	1 action	Concentration		La cible à 18 m doit réussir un JdS de Con. ou être entravée, voire pétrifiée après 3 échecs.
Peur	3	illusion	1 action	Concentration		Les créatures dans un cône de 9 m doivent réussir un JdS de Sag. ou lâcher ce qu'elles tiennent, être effrayées et s'enfuir.
Poigne électrique	0	évocation	1 action			Si l'attaque avec un sort touche, inflige 1d8 dégâts de foudre (dégâts/niv) et la cible ne peut pas prendre de réaction.
Portail	9	invocation	1 action	Concentration		Crée un portail vers un autre plan. Permet aussi d'invoquer une créature d'un autre plan.
Portail magique	6	invocation	1 action	Concentration		Crée 2 portails séparés de 150 m max et permet de passer de l'un à l'autre de manière transparente.
Porte dimensionnelle	4	invocation	1 action			Le lanceur et une autre créature de même taille sont téléportés à un maximum de 150 mètres.
Prémonition	9	divination	1 minute			1 créature voit son futur proche, ne peut être surprise et a l'avantage à ses jets. Les attaque contre elle ont un désavantage.
Préservation des morts	2	nécromancie	1 action		Rituel	Protège un cadavre du pourrissement ou de devenir un mort-vivant.
Prestidigitation	0	transmutation	1 action			Tour de magie (effet sensoriel, allume une torche, nettoie un objet, réchauffe, fait apparaître un symbole, crée une babiole).
Prévoyance	6	évocation	10 minutes			Conditionne l'activation d'un sort de niveau 5 ou inférieur qui peut cibler le lanceur.
Prière de guérison	2	évocation	10 minutes			Jusqu'à 6 créatures récupèrent 2d8+Mod.Carac pv (+1d8 pv/niv).
Projectile magique	1	évocation	1 action			3 projectiles infligent automatiquement 1d4+1 dégâts de force chacun à une ou plusieurs créatures (+1 projectile/niv).
Projection astrale	9	nécromancie	1 heure			Le lanceur et jusqu'à 8 créatures sont projetés dans le plan Astral.
Projection d'image	7	illusion	1 action	Concentration		Crée un double du lanceur qui l'imite, se déplace et émet des sons. Le lanceur peut voir et entendre à travers ce double.
Protection contre la mort	4	abjuration	1 action			Lorsque la cible tombera pour la première fois à 0 pv, elle repassera automatiquement à 1 pv.
Protection contre le mal et le bien	1	abjuration	1 action	Concentration		La cible est protégée (désavantage à l'attaque) des aberrations, célestes, élémentaires, fées, fiélons et morts-vivants.
Protection contre le poison	2	abjuration	1 action			Neutralise 1 poison d'une créature, donne l'avantage aux JdS pour ne pas être empoisonné et la résistance aux dégâts de poison.
Protection contre les armes	0	abjuration	1 action			Le lanceur obtient la résistance contre les dégâts contondants, tranchants et perforants infligés par des attaques avec arme.
Protection contre une énergie	3	abjuration	1 action	Concentration		La cible obtient la résistance à un type de dégâts (acide, froid, feu, foudre ou tonnerre).
Protections et sceaux	6	abjuration	10 minutes			Crée une défense magique qui protège un carré de 15 m. Possibilité de définir un mot de passe pour immuniser des individus.
Purification de nourriture et d'eau	1	transmutation	1 action		Rituel	Purifie et enlève tous poisons et maladies de nourriture et boissons non magiques dans une sphère de 1,50 m de rayon.
Quête	5	enchantement	1 minute			La cible doit réussir un JdS de Sag. ou être charmée et subir 5d10 dégâts psychiques si elle n'obéit pas (durée/niv).
Rappel à la vie	5	nécromancie	1 heure			Ramène à la vie (1 pv) une créature morte depuis moins de 10 jours. Ne restaure pas les parties du corps amputées.
Rayon affaiblissant	2	nécromancie	1 action	Concentration		Si l'attaque avec un sort touche, la cible n'inflige que la moitié des dégâts avec une arme qui utilise la Force (JdS de Con).
Rayon ardent	2	évocation	1 action			Si les attaques touchent, 3 rayons infligent chacun 2d6 dégâts de feu (+1 rayon/niv).
Rayon de givre	0	évocation	1 action			Si l'attaque avec un sort touche, inflige 1d8 dégâts de froid (dégâts/niv) et la vitesse de la cible est réduite de 3 m.
Rayon de lune	2	évocation	1 action	Concentration		Les créatures dans un cylindre de 3 x 12 m doivent réussir un JdS de Con. ou subir 2d10 dégâts radiants (dégâts/niv).
Rayon de soleil	6	évocation	1 action	Concentration		Les créatures sur une ligne de 1,50 x 18 m doivent réussir un JdS de Con. ou subir 6d8 radiants et être aveuglées.
Rayon empoisonné	1	nécromancie	1 action			Si l'attaque touche, inflige 2d8 dégâts de poison (dégâts/niv) et la cible peut être empoisonnée (JdS de Con).
Rayons prismatiques	7	évocation	1 action			Les créatures dans un cône de 18 m doivent réussir un JdS de Dex. ou subir 10d6 dégâts d'un type déterminé au hasard.
Régénération	7	transmutation	1 minute			La cible récupère 4d8+15 pv puis 1 pv par round et ses membres sectionnés repoussent.
Réincarnation	5	transmutation	1 heure			Réincarne l'âme d'un humanoïde mort depuis 10 jours max. La race du nouveau corps est déterminée au hasard.
Réparation	0	transmutation	1 minute			Répare fissure, déchirure, fêlure d'un objet (maillon de chaîne cassé, clé brisée, accroc sur un manteau, fuite d'une gourde).
Repli expéditif	1	transmutation	1 action bonus	Concentration		Le lanceur peut effectuer l'action Foncer en utilisant une action bonus.
Représailles infernales	1	évocation	1 réaction			La cible doit réussir un JdS de Dex. ou subir 2d10 dégâts de feu (dégâts/niv).
Résistance	0	abjuration	1 action	Concentration		La cible peut ajouter 1d4 à un jet de sauvegarde de son choix.
Respiration aquatique	3	transmutation	1 action		Rituel	Jusqu'à 10 créatures obtiennent la capacité de respirer sous l'eau.
Restauration partielle	2	abjuration	1 action			Met fin à une maladie ou à un état (aveuglé, assourdi, paralysé ou empoisonné) sur 1 créature.
Restauration supérieure	5	abjuration	1 action			Met fin à un état (charmé ou pétrification), à une malédiction, à une réduction de carac ou de pv, ou à un niveau d'épuisement.
Résurrection	7	nécromancie	1 heure			Ramène à la vie (pv max) une créature morte depuis moins de 100 ans (sauf vieillesse). Restaure les parties du corps amputées.
Résurrection suprême	9	nécromancie	1 heure			Ramène à la vie (pv max) une créature morte depuis moins de 200 ans (sauf vieillesse), même si le corps original n'existe plus.
Retour à la vie	3	nécromancie	1 action			Ramène à 1 pv une créature morte depuis 1 minute ou moins (sauf vieillesse).
Sanctification	5	évocation	24 heures			Empêche célestes, élémentaires, fiélons, fées et morts-vivants d'entrer dans un rayon de 18 m et protège/handicape les cibles.
Sanctuaire	1	abjuration	1 action bonus			La créature protégée impose un JdS de Sag. à son agresseur en cas d'attaque ou de sort offensif pour ne plus en être la cible.
Sanctuaire privé de Mordenkainen	4	abjuration	10 minutes			Crée un cube sécurisé jusqu'à 30 m de côté. Le type de protection est à choisir (+30 m de côté/niv).
Saut	1	transmutation	1 action			La cible obtient une distance de saut multipliée par 3.
Scrutation	5	divination	10 minutes	Concentration		Permet de voir et entendre une créature spécifique (on peut aussi cibler un lieu) sur le même plan (JdS de Sag).
Sens animal	2	divination	1 action	Concentration	Rituel	Le lanceur peut voir/entendre/sentir à travers les sens d'une bête consentante.
Sens de l'orientation	6	divination	1 minute	Concentration		Détermine le chemin physique le plus court et le plus direct pour atteindre une destination connue.
Sens des pièges	2	divination	1 action			Le lanceur sent tous pièges dans un rayon de 36 m, mais le sort donne pas leur localisation.
Serviteur invisible	1	invocation	1 action		Rituel	Crée un serviteur invisible qui exécute des tâches simples (rapporter qq chose, nettoyer, entretenir un feu, servir, etc).
Silence	2	illusion	1 action	Concentration	Rituel	Bloque tous les sons dans une sphère de 6m de rayon.
Simulacre	7	illusion	12 heures			Crée un double d'une bête ou d'un humanoïde avec les mêmes capacités, la moitié des pv et sans équipement.
Simulacre de vie	1	nécromancie	1 action			Le lanceur gagne 1d4+4 pv temporaires (+5 pv/niv).
Soins	1	évocation	1 action			1 créature récupère 1d8+Mod.Carac pv (+1d8 pv/niv).
Soins de groupe	5	évocation	1 action			Jusqu'à 6 créatures récupèrent 3d8+Mod.Carac.Inc pv (+1d8 pv/niv).
Sommeil	1	enchantement	1 action			5d8 pv de créatures s'endorment, par ordre croissant de leurs pv actuels (+2d8 pv/niv).
Songe	5	illusion	1 minute			Façonne les rêves d'une créature qui dort et peut faire subir 3d6 dégâts psychiques en cas d'échec à un JdS de Sag.
Souhait	9	invocation	1 action			Duplique un sort de niveau 8 ou inférieur sans composantes, ou crée un autre effet à la discrétion du MD.
Sphère de feu	2	invocation	1 action	Concentration		Les créatures à 3 m d'une sphère de 3 m de diamètre doivent réussir un JdS de Dex. ou subir 2d6 dégâts de feu (dégâts/niv).
Sphère glaciale d'Otiluke	6	évocation	1 action			Les créatures dans une sphère de 18 m de rayon doivent réussir un JdS de Con. ou subir 10d6 dégâts de froid (dégâts/niv).
Sphère résiliente d'Otiluke	4	évocation	1 action	Concentration		La cible de taille G ou inférieure doit réussir un JdS de Dex. ou être emprisonnée pour la durée du sort.
Stabilisation	0	nécromancie	1 action			1 créature vivante à 0 point de vie est immédiatement stabilisée.
Suggestion	2	enchantement	1 action	Concentration		La cible doit réussir un JdS de Sag. ou suivre la suggestion que lui donne le lanceur en une ou deux phrases.
Suggestion de groupe	6	enchantement	1 action			Jusqu'à 12 cibles doivent réussir un JdS de Sag. ou suivre la suggestion que leur donne le lanceur (durée/niv).
Symbole	7	abjuration	1 minute			Défini le déclencheur et l'effet d'un glyphe sur un objet (mort, discorde, peur, désespoir, démence, douleur, sommeil, etc).
Télékinésie	5	transmutation	1 action	Concentration		Déplace une créature (taille TG max) ou un objet (jusqu'à 500 kg) par la pensée en cas de jet d'opposition réussi.
Télépathie	8	évocation	1 action			Communique par télépathie avec une créature connue et consentante sur le même plan d'existence.
Téléportation	7	invocation	1 action			Le lanceur et 8 créatures sont téléportés n'importe où sur le même plan. Risque d'échec selon la familiarité de la destination.
Tempête de feu	7	évocation	1 action			Les créatures dans dix cubes de 3 m doivent réussir un JdS de Dex. ou subir 7d10 dégâts de feu.
Tempête de grêle	4	évocation	1 action			Les créatures dans un cylindre de 12 x 12 m doivent réussir un JdS de Dex. ou subir 2d8 dégâts contondants et 4d6 de froid.
Tempête de neige	3	invocation	1 action	Concentration		Les créatures dans un cylindre de 12 x 6 m (visibilité nulle) doivent réussir un JdS de Dex. ou tomber à terre.
Tempête vengeresse	9	invocation	1 action	Concentration		Les créatures dans un rayon de 108 m doivent réussir un JdS de Con. ou être assourdies et subir divers dégâts et effets.
Ténèbres	2	évocation	1 action	Concentration		Remplit une sphère de 4,50 m de rayon de ténèbres magiques.
Tentacules de Hadar	1	invocation	1 action			Les créatures dans un rayon de 3 m doivent réussir un JdS de For. ou subir 2d6 dégâts nécrotiques (dégâts/niv).
Tentacules noirs d'Evard	4	invocation	1 action	Concentration		Les créatures dans un carré de 6 m doivent réussir un JdS de Dex. ou subir 3d6 dégâts contondants et être entravées.
Terraformage	6	transmutation	1 action	Concentration		Façonne la terre, le sable ou l'argile, mais pas la pierre (élever, abaisser, aplatir, etc) d'un carré de 12 m en 10 min.
Terrain hallucinatoire	4	illusion	10 minutes			Fait paraître un terrain naturel pour un autre type (par exemple une route devient un marais ou une crevasse).
Texte illusoire	1	illusion	1 minute		Rituel	Rédige un message secret qui ne peut être lu que par une cible désignée ou une créature qui possède vision véritable.
Thaumaturgie	0	transmutation	1 action			Crée divers effets mineurs visant à impressionner ou distraire des créatures.
Toile d'araignée	2	invocation	1 action	Concentration		Crée un cube de 6 m de toiles d'araignées collantes (terrain difficile) qui peuvent entraver des créatures (JdS de Dex).
Toucher du vampire	3	nécromancie	1 action	Concentration		Si l'attaque avec un sort touche, inflige 3d6 dégâts nécrotiques (dégâts/niv) et le lanceur récupère 50% de ces pv .
Trait de feu	0	évocation	1 action			Si l'attaque avec un sort touche, inflige 1d10 dégâts de feu (dégâts/niv). Un objet peut prendre feu.
Trait ensorcelé	1	évocation	1 action	Concentration		Si l'attaque avec un sort touche, inflige 1d12 dégâts de foudre (dégâts/niv) à chaque round.
Tremblement de terre	8	évocation	1 action	Concentration		Les créatures dans un rayon de 30 m doivent réussir un JdS de Dex. ou tomber à terre. Cause des dégâts aux structures.
Tsunami	8	invocation	1 minute	Concentration		Les créatures dans une zone de 90 x 90 x 15 m doivent réussir un JdS de For. ou subir 6d10 dégâts contondants.
Urne magique	6	nécromancie	1 minute			Le lanceur projette son âme dans une urne pour ensuite retourner dans son corps ou posséder le corps d'un humanoïde.
Vague destructrice	5	évocation	1 action			Les cibles dans un rayon de 9 m doivent réussir un JdS de Con. ou subir 5d6 de tonnerre et 5d6 radiants ou nécrotiques.
Vague tonnante	1	évocation	1 action			Les créatures dans un cube de 4,50 m doivent réussir un JdS de Con. ou subir 2d8 dégâts de tonnerre (dégâts/niv).
Verrou magique	2	abjuration	1 action			Verrouille un objet (porte, fenêtre, coffre, etc) et le lanceur peut définir un mot de passe pour supprimer le sort 1 minute.
Vision dans le noir	2	transmutation	1 action			La cible peut voir dans le noir à 18 mètres.
Vision suprême	6	divination	1 action			La cible obtient vision véritable, voit les portes secrètes magiques et dans le plan éthéré.
Voie végétale	6	invocation	1 action			Le lanceur peut passer d'une plante à une autre plante (taille G ou supérieure) en utilisant 1,50 m.
Voir l'invisible	2	divination	1 action			Le lanceur voit les créatures ou objets invisibles, et dans le plan éthéré.
Vol	3	transmutation	1 action	Concentration		La cible obtient une vitesse de vol de 18 mètres (+1 créature/niv).
Voracité de Hadar	3	invocation	1 action	Concentration		Les créatures dans une sphère de 6 m de rayon subissent 2d6 de froid et doivent réussir un JdS de Dex. ou subir 2d6 d'acide.
Zone de vérité	2	enchantement	1 action			Les créatures dans une sphère de 4,50 m de rayon doivent réussir un JdS de Cha. ou ne pas pouvoir mentir.
